{"layer_1": 256, "activation_1": "elu", "num_layers": 8, "units_2": 512, "activation_2": "selu", "dropout_2": 0.02731951987917198, "units_3": 256, "activation_3": "relu", "dropout_3": 0.41050461029088636, "units_4": 256, "activation_4": "elu", "dropout_4": 0.0839582115732197, "units_5": 512, "activation_5": "selu", "dropout_5": 0.17495408194355705, "units_6": 256, "activation_6": "linear", "dropout_6": 0.43878639632875954, "units_7": 512, "activation_7": "elu", "dropout_7": 0.29306012766644546, "units_8": 256, "activation_8": "elu", "dropout_8": 0.07057046102847486, "learning_rate": 1.794453265361992e-05}